{
  "precision": 0.05552474698461112,
  "recall": 0.7468531468531469,
  "f1": 0.10336484175887989,
  "roc_auc": 0.8466130886555255,
  "confusion_matrix": [
    [
      526324,
      27250
    ],
    [
      543,
      1602
    ]
  ]
}