{
  "scale_pos_weight": {
    "precision": 0.22768448961555457,
    "recall": 0.9608391608391609,
    "f1": 0.36813432169331073,
    "roc_auc": 0.9973186495859165,
    "confusion_matrix": [
      [
        546583,
        6991
      ],
      [
        84,
        2061
      ]
    ]
  },
  "smote": {
    "precision": 0.3809618838555179,
    "recall": 0.88997668997669,
    "f1": 0.5335382895472331,
    "roc_auc": 0.9944826777380329,
    "confusion_matrix": [
      [
        550472,
        3102
      ],
      [
        236,
        1909
      ]
    ]
  },
  "winner": "smote",
  "winner_metrics": {
    "precision": 0.3809618838555179,
    "recall": 0.88997668997669,
    "f1": 0.5335382895472331,
    "roc_auc": 0.9944826777380329,
    "confusion_matrix": [
      [
        550472,
        3102
      ],
      [
        236,
        1909
      ]
    ]
  }
}